[{"model": "auth.permission", "pk": 1, "fields": {"name": "Can add permission", "content_type": 1, "codename": "add_permission"}}, {"model": "auth.permission", "pk": 2, "fields": {"name": "Can change permission", "content_type": 1, "codename": "change_permission"}}, {"model": "auth.permission", "pk": 3, "fields": {"name": "Can delete permission", "content_type": 1, "codename": "delete_permission"}}, {"model": "auth.permission", "pk": 4, "fields": {"name": "Can view permission", "content_type": 1, "codename": "view_permission"}}, {"model": "auth.permission", "pk": 5, "fields": {"name": "Can add group", "content_type": 2, "codename": "add_group"}}, {"model": "auth.permission", "pk": 6, "fields": {"name": "Can change group", "content_type": 2, "codename": "change_group"}}, {"model": "auth.permission", "pk": 7, "fields": {"name": "Can delete group", "content_type": 2, "codename": "delete_group"}}, {"model": "auth.permission", "pk": 8, "fields": {"name": "Can view group", "content_type": 2, "codename": "view_group"}}, {"model": "auth.permission", "pk": 9, "fields": {"name": "Can add content type", "content_type": 3, "codename": "add_contenttype"}}, {"model": "auth.permission", "pk": 10, "fields": {"name": "Can change content type", "content_type": 3, "codename": "change_contenttype"}}, {"model": "auth.permission", "pk": 11, "fields": {"name": "Can delete content type", "content_type": 3, "codename": "delete_contenttype"}}, {"model": "auth.permission", "pk": 12, "fields": {"name": "Can view content type", "content_type": 3, "codename": "view_contenttype"}}, {"model": "auth.permission", "pk": 13, "fields": {"name": "Can add session", "content_type": 4, "codename": "add_session"}}, {"model": "auth.permission", "pk": 14, "fields": {"name": "Can change session", "content_type": 4, "codename": "change_session"}}, {"model": "auth.permission", "pk": 15, "fields": {"name": "Can delete session", "content_type": 4, "codename": "delete_session"}}, {"model": "auth.permission", "pk": 16, "fields": {"name": "Can view session", "content_type": 4, "codename": "view_session"}}, {"model": "auth.permission", "pk": 17, "fields": {"name": "Can add site", "content_type": 5, "codename": "add_site"}}, {"model": "auth.permission", "pk": 18, "fields": {"name": "Can change site", "content_type": 5, "codename": "change_site"}}, {"model": "auth.permission", "pk": 19, "fields": {"name": "Can delete site", "content_type": 5, "codename": "delete_site"}}, {"model": "auth.permission", "pk": 20, "fields": {"name": "Can view site", "content_type": 5, "codename": "view_site"}}, {"model": "auth.permission", "pk": 21, "fields": {"name": "Can add log entry", "content_type": 6, "codename": "add_logentry"}}, {"model": "auth.permission", "pk": 22, "fields": {"name": "Can change log entry", "content_type": 6, "codename": "change_logentry"}}, {"model": "auth.permission", "pk": 23, "fields": {"name": "Can delete log entry", "content_type": 6, "codename": "delete_logentry"}}, {"model": "auth.permission", "pk": 24, "fields": {"name": "Can view log entry", "content_type": 6, "codename": "view_logentry"}}, {"model": "auth.permission", "pk": 25, "fields": {"name": "Can add email address", "content_type": 7, "codename": "add_emailaddress"}}, {"model": "auth.permission", "pk": 26, "fields": {"name": "Can change email address", "content_type": 7, "codename": "change_emailaddress"}}, {"model": "auth.permission", "pk": 27, "fields": {"name": "Can delete email address", "content_type": 7, "codename": "delete_emailaddress"}}, {"model": "auth.permission", "pk": 28, "fields": {"name": "Can view email address", "content_type": 7, "codename": "view_emailaddress"}}, {"model": "auth.permission", "pk": 29, "fields": {"name": "Can add email confirmation", "content_type": 8, "codename": "add_emailconfirmation"}}, {"model": "auth.permission", "pk": 30, "fields": {"name": "Can change email confirmation", "content_type": 8, "codename": "change_emailconfirmation"}}, {"model": "auth.permission", "pk": 31, "fields": {"name": "Can delete email confirmation", "content_type": 8, "codename": "delete_emailconfirmation"}}, {"model": "auth.permission", "pk": 32, "fields": {"name": "Can view email confirmation", "content_type": 8, "codename": "view_emailconfirmation"}}, {"model": "auth.permission", "pk": 33, "fields": {"name": "Can add social account", "content_type": 9, "codename": "add_socialaccount"}}, {"model": "auth.permission", "pk": 34, "fields": {"name": "Can change social account", "content_type": 9, "codename": "change_socialaccount"}}, {"model": "auth.permission", "pk": 35, "fields": {"name": "Can delete social account", "content_type": 9, "codename": "delete_socialaccount"}}, {"model": "auth.permission", "pk": 36, "fields": {"name": "Can view social account", "content_type": 9, "codename": "view_socialaccount"}}, {"model": "auth.permission", "pk": 37, "fields": {"name": "Can add social application", "content_type": 10, "codename": "add_socialapp"}}, {"model": "auth.permission", "pk": 38, "fields": {"name": "Can change social application", "content_type": 10, "codename": "change_socialapp"}}, {"model": "auth.permission", "pk": 39, "fields": {"name": "Can delete social application", "content_type": 10, "codename": "delete_socialapp"}}, {"model": "auth.permission", "pk": 40, "fields": {"name": "Can view social application", "content_type": 10, "codename": "view_socialapp"}}, {"model": "auth.permission", "pk": 41, "fields": {"name": "Can add social application token", "content_type": 11, "codename": "add_socialtoken"}}, {"model": "auth.permission", "pk": 42, "fields": {"name": "Can change social application token", "content_type": 11, "codename": "change_socialtoken"}}, {"model": "auth.permission", "pk": 43, "fields": {"name": "Can delete social application token", "content_type": 11, "codename": "delete_socialtoken"}}, {"model": "auth.permission", "pk": 44, "fields": {"name": "Can view social application token", "content_type": 11, "codename": "view_socialtoken"}}, {"model": "auth.permission", "pk": 45, "fields": {"name": "Can add user", "content_type": 12, "codename": "add_user"}}, {"model": "auth.permission", "pk": 46, "fields": {"name": "Can change user", "content_type": 12, "codename": "change_user"}}, {"model": "auth.permission", "pk": 47, "fields": {"name": "Can delete user", "content_type": 12, "codename": "delete_user"}}, {"model": "auth.permission", "pk": 48, "fields": {"name": "Can view user", "content_type": 12, "codename": "view_user"}}, {"model": "auth.permission", "pk": 49, "fields": {"name": "Can add answer", "content_type": 13, "codename": "add_answer"}}, {"model": "auth.permission", "pk": 50, "fields": {"name": "Can change answer", "content_type": 13, "codename": "change_answer"}}, {"model": "auth.permission", "pk": 51, "fields": {"name": "Can delete answer", "content_type": 13, "codename": "delete_answer"}}, {"model": "auth.permission", "pk": 52, "fields": {"name": "Can view answer", "content_type": 13, "codename": "view_answer"}}, {"model": "auth.permission", "pk": 53, "fields": {"name": "Can add attempt", "content_type": 14, "codename": "add_attempt"}}, {"model": "auth.permission", "pk": 54, "fields": {"name": "Can change attempt", "content_type": 14, "codename": "change_attempt"}}, {"model": "auth.permission", "pk": 55, "fields": {"name": "Can delete attempt", "content_type": 14, "codename": "delete_attempt"}}, {"model": "auth.permission", "pk": 56, "fields": {"name": "Can view attempt", "content_type": 14, "codename": "view_attempt"}}, {"model": "auth.permission", "pk": 57, "fields": {"name": "Can see completed exams.", "content_type": 14, "codename": "view_attempts"}}, {"model": "auth.permission", "pk": 58, "fields": {"name": "Can add Categoria", "content_type": 15, "codename": "add_category"}}, {"model": "auth.permission", "pk": 59, "fields": {"name": "Can change Categoria", "content_type": 15, "codename": "change_category"}}, {"model": "auth.permission", "pk": 60, "fields": {"name": "Can delete Categoria", "content_type": 15, "codename": "delete_category"}}, {"model": "auth.permission", "pk": 61, "fields": {"name": "Can view Categoria", "content_type": 15, "codename": "view_category"}}, {"model": "auth.permission", "pk": 62, "fields": {"name": "Can add question", "content_type": 16, "codename": "add_question"}}, {"model": "auth.permission", "pk": 63, "fields": {"name": "Can change question", "content_type": 16, "codename": "change_question"}}, {"model": "auth.permission", "pk": 64, "fields": {"name": "Can delete question", "content_type": 16, "codename": "delete_question"}}, {"model": "auth.permission", "pk": 65, "fields": {"name": "Can view question", "content_type": 16, "codename": "view_question"}}, {"model": "auth.permission", "pk": 66, "fields": {"name": "Can add Questão de Múltipla Escolha", "content_type": 17, "codename": "add_multichoicequestion"}}, {"model": "auth.permission", "pk": 67, "fields": {"name": "Can change Questão de Múltipla Escolha", "content_type": 17, "codename": "change_multichoicequestion"}}, {"model": "auth.permission", "pk": 68, "fields": {"name": "Can delete Questão de Múltipla Escolha", "content_type": 17, "codename": "delete_multichoicequestion"}}, {"model": "auth.permission", "pk": 69, "fields": {"name": "Can view Questão de Múltipla Escolha", "content_type": 17, "codename": "view_multichoicequestion"}}, {"model": "auth.permission", "pk": 70, "fields": {"name": "Can add Questão de Verdadeiro ou Falso", "content_type": 18, "codename": "add_truefalsequestion"}}, {"model": "auth.permission", "pk": 71, "fields": {"name": "Can change Questão de Verdadeiro ou Falso", "content_type": 18, "codename": "change_truefalsequestion"}}, {"model": "auth.permission", "pk": 72, "fields": {"name": "Can delete Questão de Verdadeiro ou Falso", "content_type": 18, "codename": "delete_truefalsequestion"}}, {"model": "auth.permission", "pk": 73, "fields": {"name": "Can view Questão de Verdadeiro ou Falso", "content_type": 18, "codename": "view_truefalsequestion"}}, {"model": "auth.permission", "pk": 74, "fields": {"name": "Can add Questionário", "content_type": 19, "codename": "add_quiz"}}, {"model": "auth.permission", "pk": 75, "fields": {"name": "Can change Questionário", "content_type": 19, "codename": "change_quiz"}}, {"model": "auth.permission", "pk": 76, "fields": {"name": "Can delete Questionário", "content_type": 19, "codename": "delete_quiz"}}, {"model": "auth.permission", "pk": 77, "fields": {"name": "Can view Questionário", "content_type": 19, "codename": "view_quiz"}}, {"model": "auth.permission", "pk": 78, "fields": {"name": "Can add User Progress", "content_type": 20, "codename": "add_progress"}}, {"model": "auth.permission", "pk": 79, "fields": {"name": "Can change User Progress", "content_type": 20, "codename": "change_progress"}}, {"model": "auth.permission", "pk": 80, "fields": {"name": "Can delete User Progress", "content_type": 20, "codename": "delete_progress"}}, {"model": "auth.permission", "pk": 81, "fields": {"name": "Can view User Progress", "content_type": 20, "codename": "view_progress"}}, {"model": "auth.group", "pk": 1, "fields": {"name": "moderador", "permissions": [49, 50, 51, 52, 53, 54, 55, 56, 57, 58, 59, 60, 61, 66, 67, 68, 69, 78, 79, 80, 81, 62, 63, 64, 65, 74, 75, 76, 77, 70, 71, 72, 73]}}, {"model": "contenttypes.contenttype", "pk": 1, "fields": {"app_label": "auth", "model": "permission"}}, {"model": "contenttypes.contenttype", "pk": 2, "fields": {"app_label": "auth", "model": "group"}}, {"model": "contenttypes.contenttype", "pk": 3, "fields": {"app_label": "contenttypes", "model": "contenttype"}}, {"model": "contenttypes.contenttype", "pk": 4, "fields": {"app_label": "sessions", "model": "session"}}, {"model": "contenttypes.contenttype", "pk": 5, "fields": {"app_label": "sites", "model": "site"}}, {"model": "contenttypes.contenttype", "pk": 6, "fields": {"app_label": "admin", "model": "logentry"}}, {"model": "contenttypes.contenttype", "pk": 7, "fields": {"app_label": "account", "model": "emailaddress"}}, {"model": "contenttypes.contenttype", "pk": 8, "fields": {"app_label": "account", "model": "emailconfirmation"}}, {"model": "contenttypes.contenttype", "pk": 9, "fields": {"app_label": "socialaccount", "model": "socialaccount"}}, {"model": "contenttypes.contenttype", "pk": 10, "fields": {"app_label": "socialaccount", "model": "socialapp"}}, {"model": "contenttypes.contenttype", "pk": 11, "fields": {"app_label": "socialaccount", "model": "socialtoken"}}, {"model": "contenttypes.contenttype", "pk": 12, "fields": {"app_label": "users", "model": "user"}}, {"model": "contenttypes.contenttype", "pk": 13, "fields": {"app_label": "quiz", "model": "answer"}}, {"model": "contenttypes.contenttype", "pk": 14, "fields": {"app_label": "quiz", "model": "attempt"}}, {"model": "contenttypes.contenttype", "pk": 15, "fields": {"app_label": "quiz", "model": "category"}}, {"model": "contenttypes.contenttype", "pk": 16, "fields": {"app_label": "quiz", "model": "question"}}, {"model": "contenttypes.contenttype", "pk": 17, "fields": {"app_label": "quiz", "model": "multichoicequestion"}}, {"model": "contenttypes.contenttype", "pk": 18, "fields": {"app_label": "quiz", "model": "truefalsequestion"}}, {"model": "contenttypes.contenttype", "pk": 19, "fields": {"app_label": "quiz", "model": "quiz"}}, {"model": "contenttypes.contenttype", "pk": 20, "fields": {"app_label": "quiz", "model": "progress"}}, {"model": "sessions.session", "pk": "dhiybxaneeozl6akt1bnq3ig2gnjqthj", "fields": {"session_data": ".eJxVjMsOwiAQRf-FtSFCpzxcuu83kIEZpGogKe3K-O_apAvd3nPOfYmA21rC1nkJM4mLUOL0u0VMD647oDvWW5Op1XWZo9wVedAup0b8vB7u30HBXr41-EGhdk55a6JCl4BgtJw1cow4aEY7GFLJOYpkFMLo8xlyZksmJQfi_QHhqDhs:1lln8r:vJ4l7ad_cTMmEGly1avo1tkITe4iIhgkQl6BO0eOn-Y", "expire_date": "2021-06-09T06:35:45.410Z"}}, {"model": "sessions.session", "pk": "jthnaawmp96r8cqtvsw43dhhe3joizk6", "fields": {"session_data": ".eJxVjEEOwiAQRe8ya0NKS4F26d4zkIEZLGrAlDbRGO-uTbrp9r_3_gdc5VpTyY5fzzS_YWxO4HBdJrdWnl0iGEHCYfMY7pw3QDfM1yJCycucvNgUsdMqLoX4cd7dw8GEdfrXaugkttbKwWgv0QZFqjccW2TvsWsZTadJBmvJk5ao-iE2KkY2pEOwCr4_CpM_qQ:1ljzWp:3T2nfHN-tJXZJUDQFrzdjj3Xfur8aHLKPTe3DIgtBn8", "expire_date": "2021-06-04T07:25:03.224Z"}}, {"model": "sites.site", "pk": 1, "fields": {"domain": "example.com", "name": "tabelionato"}}, {"model": "admin.logentry", "pk": 1, "fields": {"action_time": "2021-05-21T07:26:58.210Z", "user": 1, "content_type": 20, "object_id": "1", "object_repr": "gabriel - Teste,6,10,", "action_flag": 3, "change_message": ""}}, {"model": "admin.logentry", "pk": 2, "fields": {"action_time": "2021-05-21T13:43:36.264Z", "user": 1, "content_type": 19, "object_id": "1", "object_repr": "Primeiro Quiz", "action_flag": 2, "change_message": "[{\"changed\": {\"fields\": [\"Tentativa \\u00danica\"]}}]"}}, {"model": "admin.logentry", "pk": 3, "fields": {"action_time": "2021-05-21T13:56:50.734Z", "user": 1, "content_type": 19, "object_id": "2", "object_repr": "Quiz curto", "action_flag": 1, "change_message": "[{\"added\": {}}]"}}, {"model": "admin.logentry", "pk": 4, "fields": {"action_time": "2021-05-21T19:32:11.450Z", "user": 1, "content_type": 19, "object_id": "2", "object_repr": "Quiz curto", "action_flag": 2, "change_message": "[]"}}, {"model": "admin.logentry", "pk": 5, "fields": {"action_time": "2021-05-26T06:30:56.911Z", "user": 1, "content_type": 2, "object_id": "1", "object_repr": "moderador", "action_flag": 1, "change_message": "[{\"added\": {}}]"}}, {"model": "admin.logentry", "pk": 6, "fields": {"action_time": "2021-05-26T06:36:28.305Z", "user": 1, "content_type": 12, "object_id": "3", "object_repr": "lara", "action_flag": 1, "change_message": "[{\"added\": {}}]"}}, {"model": "admin.logentry", "pk": 7, "fields": {"action_time": "2021-05-26T06:36:45.135Z", "user": 1, "content_type": 12, "object_id": "4", "object_repr": "fran", "action_flag": 1, "change_message": "[{\"added\": {}}]"}}, {"model": "admin.logentry", "pk": 8, "fields": {"action_time": "2021-05-26T06:37:11.568Z", "user": 1, "content_type": 12, "object_id": "4", "object_repr": "fran", "action_flag": 2, "change_message": "[{\"changed\": {\"fields\": [\"Staff status\", \"Groups\"]}}]"}}, {"model": "admin.logentry", "pk": 9, "fields": {"action_time": "2021-05-26T06:37:27.012Z", "user": 1, "content_type": 12, "object_id": "3", "object_repr": "lara", "action_flag": 2, "change_message": "[{\"changed\": {\"fields\": [\"Staff status\", \"Groups\"]}}]"}}, {"model": "users.user", "pk": 1, "fields": {"password": "argon2$argon2i$v=19$m=512,t=2,p=2$MVY5MHJxMDhZVXNq$a6J/Q+gFgn/bMKcOFqorYw", "last_login": "2021-05-26T06:35:45.204Z", "is_superuser": true, "username": "gabriel", "email": "", "is_staff": true, "is_active": true, "date_joined": "2021-05-20T17:04:22.703Z", "name": "", "groups": [], "user_permissions": []}}, {"model": "users.user", "pk": 3, "fields": {"password": "argon2$argon2i$v=19$m=512,t=2,p=2$NEVvSVFpRUcxNVlP$qSFcwh8jt7Rlhvx1qj7cIA", "last_login": null, "is_superuser": false, "username": "lara", "email": "", "is_staff": true, "is_active": true, "date_joined": "2021-05-26T06:36:28Z", "name": "", "groups": [1], "user_permissions": []}}, {"model": "users.user", "pk": 4, "fields": {"password": "argon2$argon2i$v=19$m=512,t=2,p=2$NFdMNzVIMHliZ3Rl$5F4md+gPMDkRdEPfuZ9KJA", "last_login": null, "is_superuser": false, "username": "fran", "email": "", "is_staff": true, "is_active": true, "date_joined": "2021-05-26T06:36:44Z", "name": "", "groups": [1], "user_permissions": []}}, {"model": "quiz.category", "pk": 1, "fields": {"category": "Teste"}}, {"model": "quiz.quiz", "pk": 1, "fields": {"title": "Primeiro Quiz", "description": "Um rascunho, as respostas marcadas com '- C' ao final são as consideradas corretas.", "url": "um-primeiro-quiz", "category": 1, "random_order": true, "max_questions": 10, "answers_at_end": true, "store_result": true, "single_attempt": false, "pass_mark": 0, "success_text": "Corretíssimo", "fail_text": "Errou otário", "draft": false, "date_added": "2021-05-21T00:37:56.761Z"}}, {"model": "quiz.quiz", "pk": 2, "fields": {"title": "Quiz curto", "description": "", "url": "quiz-curto", "category": null, "random_order": true, "max_questions": 2, "answers_at_end": true, "store_result": false, "single_attempt": false, "pass_mark": 0, "success_text": "", "fail_text": "Texto de Falha", "draft": false, "date_added": "2021-05-21T13:56:50.407Z"}}, {"model": "quiz.question", "pk": 1, "fields": {"category": 1, "difficulty": 1, "content": "Dentre os regimes de bens vigentes no país, qual deles não se exige pacto antenupcial?", "explanation": "", "quiz": [1]}}, {"model": "quiz.question", "pk": 2, "fields": {"category": 1, "difficulty": 1, "content": "Na lavratura de atos que versam sobre a transmissão de bens, é necessária a apresentação da certidão de débitos trabalhistas emitida pela Justiça do Trabalho – Tribunal Superior do Trabalho, em nome do transmitente, com isso, qual o prazo legal de validade de tal certidão?", "explanation": "", "quiz": [1]}}, {"model": "quiz.question", "pk": 3, "fields": {"category": 1, "difficulty": 1, "content": "Quais são os tipos de escrituras públicas feitas pelo Tabelionato de Notas?", "explanation": "", "quiz": [1]}}, {"model": "quiz.question", "pk": 4, "fields": {"category": 1, "difficulty": 1, "content": "Qual a porcentagem cobrada do ITBI no Município de Foz do Iguaçu?", "explanation": "", "quiz": [1]}}, {"model": "quiz.question", "pk": 5, "fields": {"category": 1, "difficulty": 1, "content": "Para fazer doação de um imóvel, qual imposto que se deve pagar?", "explanation": "", "quiz": [1, 2]}}, {"model": "quiz.question", "pk": 6, "fields": {"category": 1, "difficulty": 1, "content": "Aos tabeliães de notas compete com exclusividade:\r\n \r\nI - lavrar escrituras e procurações, públicas;\r\nII - lavrar testamentos públicos e aprovar os cerrados;\r\nIII - lavrar atas notariais;\r\nIV - reconhecer firmas;\r\nV - autenticar cópias.", "explanation": "", "quiz": [1]}}, {"model": "quiz.question", "pk": 7, "fields": {"category": 1, "difficulty": 1, "content": "Quais as possíveis formas de reconhecimento de firma em documentos", "explanation": "", "quiz": [1]}}, {"model": "quiz.question", "pk": 8, "fields": {"category": 1, "difficulty": 1, "content": "Para abertura de cartão de pessoa estrangeira, é necessário exigir:", "explanation": "", "quiz": [1]}}, {"model": "quiz.question", "pk": 9, "fields": {"category": 1, "difficulty": 1, "content": "Segundo o código de normas da corregedoria geral de justiça do TJPR, não deverão ser autenticadas documentos inseridos em autos judiciais, ressalvada a expressa autorização do:", "explanation": "", "quiz": [1]}}, {"model": "quiz.question", "pk": 10, "fields": {"category": 1, "difficulty": 1, "content": "Qual o documento necessário para a emissão do Certificado do e-notariado?", "explanation": "", "quiz": [1]}}, {"model": "quiz.question", "pk": 11, "fields": {"category": 1, "difficulty": 1, "content": "Procuração particular pode ser usada para a lavratura de escritura publica de compra e venda de imóvel? - C", "explanation": "", "quiz": [1, 2]}}, {"model": "quiz.question", "pk": 12, "fields": {"category": 1, "difficulty": 1, "content": "A doação dos pais a um dos filhos, com o consentimento dos demais filhos, em regra, não se presume como adiantamento da herança legítima. - C", "explanation": "", "quiz": [1]}}, {"model": "quiz.multichoicequestion", "pk": 1, "fields": {}}, {"model": "quiz.multichoicequestion", "pk": 2, "fields": {}}, {"model": "quiz.multichoicequestion", "pk": 3, "fields": {}}, {"model": "quiz.multichoicequestion", "pk": 4, "fields": {}}, {"model": "quiz.multichoicequestion", "pk": 5, "fields": {}}, {"model": "quiz.multichoicequestion", "pk": 6, "fields": {}}, {"model": "quiz.multichoicequestion", "pk": 7, "fields": {}}, {"model": "quiz.multichoicequestion", "pk": 8, "fields": {}}, {"model": "quiz.multichoicequestion", "pk": 9, "fields": {}}, {"model": "quiz.multichoicequestion", "pk": 10, "fields": {}}, {"model": "quiz.truefalsequestion", "pk": 11, "fields": {"is_correct": true}}, {"model": "quiz.truefalsequestion", "pk": 12, "fields": {"is_correct": true}}, {"model": "quiz.answer", "pk": 1, "fields": {"content": "Comunhão universal de bens", "question": 1, "is_correct": true}}, {"model": "quiz.answer", "pk": 2, "fields": {"content": "Separação convencional de bens", "question": 1, "is_correct": false}}, {"model": "quiz.answer", "pk": 3, "fields": {"content": "Participação final nos aquestos", "question": 1, "is_correct": false}}, {"model": "quiz.answer", "pk": 4, "fields": {"content": "Separação obrigatória de bens", "question": 1, "is_correct": false}}, {"model": "quiz.answer", "pk": 5, "fields": {"content": "30 dias - C", "question": 2, "is_correct": true}}, {"model": "quiz.answer", "pk": 6, "fields": {"content": "60 dias", "question": 2, "is_correct": false}}, {"model": "quiz.answer", "pk": 7, "fields": {"content": "90 dias", "question": 2, "is_correct": false}}, {"model": "quiz.answer", "pk": 8, "fields": {"content": "120 dias", "question": 2, "is_correct": false}}, {"model": "quiz.answer", "pk": 9, "fields": {"content": "Permuta, doação com venda.", "question": 3, "is_correct": false}}, {"model": "quiz.answer", "pk": 10, "fields": {"content": "Reconhecimento de firma, compra e venda e doação. - C", "question": 3, "is_correct": true}}, {"model": "quiz.answer", "pk": 11, "fields": {"content": "Inventario Judicial, compra e venda e doação.", "question": 3, "is_correct": false}}, {"model": "quiz.answer", "pk": 12, "fields": {"content": "1% - C", "question": 4, "is_correct": true}}, {"model": "quiz.answer", "pk": 13, "fields": {"content": "2%", "question": 4, "is_correct": false}}, {"model": "quiz.answer", "pk": 14, "fields": {"content": "4%", "question": 4, "is_correct": false}}, {"model": "quiz.answer", "pk": 15, "fields": {"content": "IPTU", "question": 5, "is_correct": false}}, {"model": "quiz.answer", "pk": 16, "fields": {"content": "ITCMD - C", "question": 5, "is_correct": true}}, {"model": "quiz.answer", "pk": 17, "fields": {"content": "ITBI", "question": 5, "is_correct": false}}, {"model": "quiz.answer", "pk": 18, "fields": {"content": "Apenas a I está correta.", "question": 6, "is_correct": false}}, {"model": "quiz.answer", "pk": 19, "fields": {"content": "Apenas a III e IV estão corretas.", "question": 6, "is_correct": false}}, {"model": "quiz.answer", "pk": 20, "fields": {"content": "Todas as alternativas estão corretas.", "question": 6, "is_correct": false}}, {"model": "quiz.answer", "pk": 21, "fields": {"content": "Apenas III, IV e V estão corretas. - C", "question": 6, "is_correct": false}}, {"model": "quiz.answer", "pk": 22, "fields": {"content": "Apenas por semelhança.", "question": 7, "is_correct": true}}, {"model": "quiz.answer", "pk": 23, "fields": {"content": "Apenas por autencidade.", "question": 7, "is_correct": false}}, {"model": "quiz.answer", "pk": 24, "fields": {"content": "Por semelhança e autencidade/verdadeiro. - C", "question": 7, "is_correct": true}}, {"model": "quiz.answer", "pk": 25, "fields": {"content": "Apenas por verdadeiro.", "question": 7, "is_correct": false}}, {"model": "quiz.answer", "pk": 26, "fields": {"content": "Passaporte com o carimbo/visto da primeira vez que o estrangeiro ingressou no pais, mesmo que vencido. - C", "question": 8, "is_correct": true}}, {"model": "quiz.answer", "pk": 27, "fields": {"content": "Passaporte com o carimbo/visto de entrada valido ou RNE.", "question": 8, "is_correct": false}}, {"model": "quiz.answer", "pk": 28, "fields": {"content": "Documento de identificação do pais de origem, independente se faz parte do Mercosul ou não.", "question": 8, "is_correct": false}}, {"model": "quiz.answer", "pk": 29, "fields": {"content": "Duas testemunhas.", "question": 8, "is_correct": false}}, {"model": "quiz.answer", "pk": 30, "fields": {"content": "Tabelião", "question": 9, "is_correct": false}}, {"model": "quiz.answer", "pk": 31, "fields": {"content": "Auxiliar de cartório. - C", "question": 9, "is_correct": true}}, {"model": "quiz.answer", "pk": 32, "fields": {"content": "Juíz competente. - C", "question": 9, "is_correct": true}}, {"model": "quiz.answer", "pk": 33, "fields": {"content": "Escrevente.", "question": 9, "is_correct": false}}, {"model": "quiz.answer", "pk": 34, "fields": {"content": "Tabelião substituto.", "question": 9, "is_correct": false}}, {"model": "quiz.answer", "pk": 35, "fields": {"content": "Documento de Identificação, somente. - C", "question": 10, "is_correct": true}}, {"model": "quiz.answer", "pk": 36, "fields": {"content": "Documento de Identificação, Certidão de Nascimento ou Casamento.", "question": 10, "is_correct": false}}, {"model": "quiz.answer", "pk": 37, "fields": {"content": "Documento de Identificação, Certidão de Nascimento ou Casamento e Comprovante de Residência.", "question": 10, "is_correct": false}}, {"model": "quiz.attempt", "pk": 1, "fields": {"user": 1, "quiz": 1, "question_order": "8,6,11,7,4,5,12,2,9,10,", "question_list": "", "incorrect_questions": "8,,6,,11,,12,", "current_score": 6, "complete": true, "user_answers": "{\"8\": \"28\", \"6\": \"21\", \"11\": \"1\", \"7\": \"24\", \"4\": \"12\", \"5\": \"16\", \"12\": \"1\", \"2\": \"5\", \"9\": \"31\", \"10\": \"35\"}", "start": "2021-05-20T17:46:18.329Z", "end": "2021-05-20T18:03:13.022Z"}}, {"model": "quiz.attempt", "pk": 2, "fields": {"user": 1, "quiz": 1, "question_order": "2,10,6,1,7,4,11,5,12,3,", "question_list": "", "incorrect_questions": "6,,11,,12,", "current_score": 7, "complete": true, "user_answers": "{\"2\": \"5\", \"10\": \"35\", \"6\": \"21\", \"1\": \"1\", \"7\": \"24\", \"4\": \"12\", \"11\": \"1\", \"5\": \"16\", \"12\": \"1\", \"3\": \"10\"}", "start": "2021-05-21T13:43:58.882Z", "end": "2021-05-21T13:52:17.904Z"}}, {"model": "quiz.attempt", "pk": 3, "fields": {"user": 1, "quiz": 1, "question_order": "6,7,4,5,11,10,1,2,9,12,", "question_list": "", "incorrect_questions": "6,,11,,12,", "current_score": 7, "complete": true, "user_answers": "{\"6\": \"21\", \"7\": \"24\", \"4\": \"12\", \"5\": \"16\", \"11\": \"1\", \"10\": \"35\", \"1\": \"1\", \"2\": \"5\", \"9\": \"31\", \"12\": \"1\"}", "start": "2021-05-21T13:55:22.306Z", "end": "2021-05-21T14:58:20.917Z"}}, {"model": "quiz.attempt", "pk": 33, "fields": {"user": 1, "quiz": 1, "question_order": "1,9,4,5,3,6,11,10,7,12,", "question_list": "", "incorrect_questions": "4,,5,,3,,6,,11,,10,,12,", "current_score": 3, "complete": true, "user_answers": "{\"1\": \"1\", \"9\": \"31\", \"4\": \"14\", \"5\": \"17\", \"3\": \"9\", \"6\": \"18\", \"11\": \"0\", \"10\": \"36\", \"7\": \"24\", \"12\": \"0\"}", "start": "2021-05-26T06:23:21.181Z", "end": "2021-05-26T06:24:02.853Z"}}, {"model": "quiz.attempt", "pk": 34, "fields": {"user": 1, "quiz": 1, "question_order": "8,6,5,4,9,10,11,1,12,7,", "question_list": "8,6,5,4,9,10,11,1,12,7,", "incorrect_questions": "", "current_score": 0, "complete": false, "user_answers": "{}", "start": "2021-05-26T06:25:22.813Z", "end": null}}, {"model": "quiz.progress", "pk": 2, "fields": {"user": 1, "score": "Teste,31,92,", "quiz": null, "correct_answer": "", "wrong_answer": ""}}]